preset,before_lit_pct,fixed_lit_pct,gl_error_frames,sha256,texture_warning
"suksma - she bent over, i watched.milk",0.0924268180941358,91.17992259837962,0,7738adbd8a98b53e509d626a98da231b7a6b4eb99eda289f81be10f095fac637,False
suksma - negative infinity for not flinching - sym2.milk,0.0,60.53956585165895,0,81b0b9d06a4284925ff00acbb33ab75cdb94d3c79a44cee95f32b6f9c36459a6,True
suksma - satanic teleprompter - blus.milk,0.0,39.20912000868056,0,749104560d31fc5e6d944f874e1c3a3535ac96cc7d0393de6757dbe6c92ce83c,False
suksma - chernobyl pie for dessert - macrotopyc uslothpia.milk,0.006796754436728395,79.11690417631173,0,09e43655b80f3db2dbdc89bffc21bccfe60d72be5e0f6df3b80482aa014fe2a0,False
suksma - rechivalrizing tents.milk,0.0,57.055407865547835,0,f5494a340f26f602a21a271908a6e6248fa29f84c15730f7110bbe2434c867d3,False
suksma - plain ways to impress chad.milk,0.9429102768132716,89.3605022665895,0,5a87cd1bac12b533b0e6b3dc81c9e1d5c5764795b45181d3f7941bcbfca11f6a,False
ORB - Burnt Ice --- Isosceles edit.milk,0.00732421875,55.68758740837192,0,17b42b86eeaedb730efdd61cc468a3be1cfc326d1bbdd7b571f0f238c044ed82,False
ORB - Burnt Ice.milk,0.007339289158950617,92.2898280767747,0,5b15b2b8151ebf9d34605f21988edf19a672c5915eb3e66c9689ae114a073bed,False
suksma - fed and feed empty perceptions.milk,4.194245515046297,59.03131932388117,0,8e1f42195b19d1289d67d0138e9d79764073b8a39907b71f98cad026a5ab09a7,False
suksma - never throck.milk,0.005967881944444444,8.699514130015432,0,ff9f8fa55711770a0ad3d9bfed18a8dc9ac17f531c70d867184086bd3f4e58c2,True
